id,name,canonicalName,building,floor,country,amenity,primary,secondary,tertiary (pipe-separated),floorspace,rentPerSqFt,monthlyRent,annualRent,leaseYears,leaseStart,leaseEnd,salesMonthly,membershipsMonthly,visitsDaily
,Cognizant Technology Solutions Hong Kong Limited,COGNIZANTTECHNOLOGYSOLUTIONSHONGKONG,BEH,28/F,Mainland China,N,Office,Trade Categories,Technology Media and Telecoms (TMT),5719,48,274512,3294144,3,2021,2024,,,
,ATHENA WEALTH MANAGEMENT LIMITED,ATHENAWEALTHMANAGEMENT,BEH,27/F,India,N,Office,Trade Categories,Banking and Financial Services,10949,69,755481,9065772,7,2019,2026,,,
,YUNG'S,YUNGS,BEH,25/F,Hong Kong,N,Office,Trade Categories,Fashion/Retail,10949,65,711685,8540220,3,2020,2023,,,
,ASSET PUBLISHING,ASSETPUBLISHING,BEH,24/F,Hong Kong,N,Office,Trade Categories,Media,7505,41,307705,3692460,5,2021,2026,,,
,ARCADIA,ARCADIA,BEH,,Hong Kong,N,Office,Trade Categories,Banking and Financial Services,1723,41,70643,847716,10,2022,2032,,,
,LANGTECH LIMITED & HOERMANN (HK) LIMITED*,LANGTECHHOERMANNHK,BEH,,Hong Kong,N,Office,Trade Categories,Technology Media and Telecoms (TMT),2934,59,173106,2077272,7,2020,2027,,,
,PRUDENTIAL,PRUDENTIAL,BEH,23/F,Japan,N,Office,Trade Categories,Insurance,32183,55,1770065,21240780,10,2020,2030,,,
,ONTHELIST,ONTHELIST,BEH,22/F,Mainland China,N,Retail,Trade Categories,Fashion/Retail,3239,64,207296,2487552,3,2025,2028,,,
,GARTNER,GARTNER,BEH,,South Korea,N,Office,Trade Categories,Professional and Business Services,3430,68,233240,2798880,3,2019,2022,,,
,SUMIDA,SUMIDA,BEH,,Hong Kong,N,Office,Trade Categories,Manufacturing,5493,49,269157,3229884,5,2020,2025,,,
,SOMPO INSURANCE (HONG KONG) COMPANY LIMITED,SOMPOINSURANCEHONGKONG,BEH,21/F,Hong Kong,N,Office,Trade Categories,Insurance,12162,40,486480,5837760,10,2023,2033,,,
,JCDECAUX PEARL & DEAN LIMITED,JCDECAUXPEARLDEAN,BEH,20/F,Hong Kong,N,Office,Trade Categories,Marketing,13083,64,837312,10047744,3,2020,2023,,,
,SHAW BROTHERS HOLDINGS LIMITED,SHAWBROTHERSHOLDINGS,BEH,17/F,Hong Kong,N,Office,Trade Categories,Media,4455,60,267300,3207600,5,2025,2030,,,
,NOVA TECHNOLOGY,NOVATECHNOLOGY,BEH,,Hong Kong,N,Office,Trade Categories,Technology Media and Telecoms (TMT),3112,68,211616,2539392,5,2025,2030,,,
,LOCKTON COMPANIES (HONG KONG) LTD,LOCKTONCOMPANIESHONGKONG,BEH,16/F,Hong Kong,N,Office,Trade Categories,Insurance,13800,41,565800,6789600,3,2024,2027,,,
,GRIFOLS,GRIFOLS,BEH,15/F,UK,N,Office,Trade Categories,Biotech/Pharmaceutical/Healthcare Products,6826,50,341300,4095600,3,2023,2026,,,
,ZJLD GROUP INC.,ZJLDGROUPINC,BEH,,Hong Kong,N,Office,Trade Categories,Holdings,2237,56,125272,1503264,5,2020,2025,,,
,JCDECAUX,JCDECAUX,BEH,,France,N,Office,Trade Categories,Marketing,4632,53,245496,2945952,5,2020,2025,,,
,ZTE,ZTE,BEH,12/F,Hong Kong,N,Office,Trade Categories,Technology Media and Telecoms (TMT),4487,41,183967,2207604,10,2023,2033,,,
,OMEMEE GROUP LIMITED,OMEMEEGROUP,BEH,,Hong Kong,N,Office,Trade Categories,Professional and Business Services,3053,48,146544,1758528,3,2020,2023,,,
,LISTCOPRO SERVICES LIMITED,LISTCOPROSERVICES,BEH,,Japan,N,Office,Trade Categories,Professional and Business Services,796,64,50944,611328,7,2024,2031,,,
,TAIKOO PLACE HOLDINGS LIMITED,TAIKOOPLACEHOLDINGS,BEH,11/F,USA,N,Office,Trade Categories,Real Estate and Construction,720,41,29520,354240,3,2025,2028,,,
,HULA,HULA,BEH,4/F,Mainland China,Y,Retail,Retail and Convenience,Fashion (Shopping),10497,50.83814423168524,533648,6403776,10,2023,2033,,,
,EVISU GROUP LIMITED,EVISUGROUP,BEH,,Hong Kong,N,Office,Trade Categories,Fashion/Retail,9251,47,434797,5217564,3,2019,2022,,,
,THE CONSULATE GENERAL OF CANADA*,THECONSULATEGENERALOFCANADA,BEH,10/F,Mainland China,N,Office,Trade Categories,Government,82662,52.5,4339755,52077060,10,2024,2034,,,
,ZUELLIG PHARMA LIMITED,ZUELLIGPHARMA,BEH,5/F,UK,N,Office,Trade Categories,Biotech/Pharmaceutical/Healthcare Products,13777,49,675073,8100876,3,2023,2026,,,
,FORBIDDEN DUCK,FORBIDDENDUCK,BEH,2/F,Hong Kong,Y,Retail,F&B,Restaurant,13241,46,609086,7309032,7,2019,2026,,,
,AKIYOSHI,AKIYOSHI,BEH,G/F,Hong Kong,Y,Retail,F&B,Restaurant,857,50,42850,514200,5,2023,2028,,,
,HASHTAG B,HASHTAGB,BEH,,Hong Kong,Y,Retail,F&B,Café,180,50,9000,108000,7,2020,2027,,,
,ALPHASIGHTS,ALPHASIGHTS,CAH,36/F,Hong Kong,N,Office,Trade Categories,Professional and Business Services,7074,55.5,392607,4711284,10,2022,2032,,,
,ALPHASIGHTS,ALPHASIGHTS,CAH,34/F,Hong Kong,N,Office,Trade Categories,Professional and Business Services,7074,55.5,392607,4711284,7,2023,2030,,,
,WESTERN DIGITAL,WESTERNDIGITAL,CAH,,Mainland China,N,Office,Trade Categories,Technology Media and Telecoms (TMT),3165,58,183570,2202840,10,2024,2034,,,
,AZEUS SYSTEMS LIMITED,AZEUSSYSTEMS,CAH,33/F,USA,N,Office,Trade Categories,Technology Media and Telecoms (TMT),10276,51.260801868431294,526756,6321072,10,2024,2034,,,
,YNBY HONG KONG LIMITED,YNBYHONGKONG,CAH,32/F,Mainland China,N,Office,Trade Categories,Professional and Business Services,7074,48,339552,4074624,3,2023,2026,,,
,TOTALENERGIES LUBMARINE,TOTALENERGIESLUBMARINE,CAH,30/F,Mainland China,N,Office,Trade Categories,Manufacturing,7074,68,481032,5772384,5,2025,2030,,,
,CURRENXIE,CURRENXIE,CAH,29/F,Hong Kong,N,Office,Trade Categories,Banking and Financial Services,7074,63,445662,5347944,7,2022,2029,,,
,HORSPATH LIMITED,HORSPATH,CAH,28/F,Mainland China,N,Office,Trade Categories,Professional and Business Services,7074,58,410292,4923504,3,2019,2022,,,
,AGEAS,AGEAS,CAH,27/F,Hong Kong,N,Office,Trade Categories,Insurance,7074,60,424440,5093280,7,2024,2031,,,
,NETAPP (HONG KONG) LIMITED,NETAPPHONGKONG,CAH,26/F,Hong Kong,N,Office,Trade Categories,Technology Media and Telecoms (TMT),7074,57,403218,4838616,5,2023,2028,,,
,COCA-COLA CHINA LIMITED,COCACOLACHINA,CAH,24/F,Mainland China,N,Office,Trade Categories,Manufacturing,7074,61,431514,5178168,3,2025,2028,,,
,BSI PACIFIC LIMITED,BSIPACIFIC,CAH,23/F,Hong Kong,N,Office,Trade Categories,Professional and Business Services,7074,51,360774,4329288,5,2020,2025,,,
,RADIANCE SEA HONG KONG LIMITED,RADIANCESEAHONGKONG,CAH,21/F,Hong Kong,N,Office,Trade Categories,Sourcing and Trading,10320,52.2203488372093,538914,6466968,3,2021,2024,,,
,ALLEGIS GROUP HONG KONG LIMITED,ALLEGISGROUPHONGKONG,CAH,18/F,Hong Kong,N,Office,Trade Categories,Professional and Business Services,10311,46,474306,5691672,7,2024,2031,,,
,HKSI,HKSI,CAH,17/F,Hong Kong,N,Office,Trade Categories,Professional and Business Services,6767,45,304515,3654180,10,2024,2034,,,
,ELEVATE HONG KONG HOLDINGS LIMITED,ELEVATEHONGKONGHOLDINGS,CAH,16/F,Mainland China,N,Office,Trade Categories,Holdings,6767,67,453389,5440668,7,2023,2030,,,
,SUNTORY BEVERAGE & FOOD,SUNTORYBEVERAGEFOOD,CAH,15/F,Hong Kong,N,Office,Trade Categories,Manufacturing,6767,63,426321,5115852,3,2023,2026,,,
,HI TEE GOLF,HITEEGOLF,CAH,14/F,Hong Kong,N,Retail,Fitness,Golf,6767,62,419554,5034648,5,2025,2030,,,
,GP ASSET SETTLEMENT SERVICES COMPANY LIMITED,GPASSETSETTLEMENTSERVICES,CAH,13/F,USA,N,Office,Trade Categories,Banking and Financial Services,6767,49,331583,3978996,10,2024,2034,,,
,MIGHTY OCEAN COMPANY LIMITED,MIGHTYOCEAN,CAH,11/F,USA,N,Office,Trade Categories,Sourcing and Trading,6767,70,473690,5684280,10,2022,2032,,,
,OREANA,OREANA,CAH,10/F,Mainland China,N,Office,Trade Categories,Professional and Business Services,3221,61,196481,2357772,7,2024,2031,,,
,SWIRE PROPERTIES REAL ESTATE AGENCY LIMITED,SWIRE PROPERTIES,CAH,9/F,Hong Kong,N,Office,Trade Categories,Real Estate and Construction,6767,53,358651,4303812,7,2020,2027,,,
,SWIRE PROPERTIES REAL ESTATE AGENCY LIMITED,SWIRE PROPERTIES,CAH,8/F,France,N,Office,Trade Categories,Real Estate and Construction,6767,53,358651,4303812,7,2020,2027,,,
,JSSHK,JSSHK,CAH,7/F,Hong Kong,N,Office,Trade Categories,Professional and Business Services,6767,51,345117,4141404,5,2023,2028,,,
,EXCELLENT MANAGEMENT LIMITED,EXCELLENTMANAGEMENT,CAH,5/F,Germany,N,Office,Trade Categories,Professional and Business Services,3565,59,210335,2524020,5,2022,2027,,,
,Sephora Hong Kong Limited,SEPHORAHONGKONG,CAH,4/F,Hong Kong,N,Office,Trade Categories,Fashion/Retail,6767,68,460156,5521872,3,2019,2022,,,
,THE DAIRY FARM COMPANY LIMITED,THEDAIRYFARM,CAH,G/F,Hong Kong,N,Office,Trade Categories,Fashion/Retail,4238,44,186472,2237664,10,2019,2029,,,
,SCHINDLER LIFTS (HONG KONG) LTD.,SCHINDLERLIFTSHONGKONG,DEH,29/F,Hong Kong,N,Office,Trade Categories,Manufacturing,25576,45,1150920,13811040,3,2023,2026,,,
,MARSH (HONG KONG) LIMITED,MARSHHONGKONG,DEH,28/F,Australia,N,Office,Trade Categories,Insurance,26329,61,1606069,19272828,5,2021,2026,,,
,YAHOO,YAHOO,DEH,,Hong Kong,N,Office,Trade Categories,Technology Media and Telecoms (TMT),8780,47,412660,4951920,3,2023,2026,,,
,BMC SOFTWARE (HONG KONG) LIMITED,BMCSOFTWAREHONGKONG,DEH,,Hong Kong,N,Office,Trade Categories,Technology Media and Telecoms (TMT),2081,62,129022,1548264,5,2025,2030,,,
,CHINA AIRLINES LTD.,CHINAAIRLINES,DEH,,Hong Kong,N,Office,Trade Categories,Logistics (Airlines/Shipping/Transportation/Couriers),11135,64,712640,8551680,10,2021,2031,,,
,FWD,FWD,DEH,26/F,Germany,N,Office,Trade Categories,Insurance,107607,47.0658897655357,5064620,60775440,7,2022,2029,,,
,FWD,FWD,DEH,18/F,Mainland China,N,Office,Trade Categories,Insurance,107607,47.0658897655357,5064620,60775440,10,2020,2030,,,
,FWD,FWD,DEH,16/F,Hong Kong,N,Office,Trade Categories,Insurance,107607,47.0658897655357,5064620,60775440,5,2020,2025,,,
,FWD,FWD,DEH,15/F,Japan,N,Office,Trade Categories,Insurance,107607,47.0658897655357,5064620,60775440,5,2020,2025,,,
,FWD,FWD,DEH,14/F,Singapore,N,Office,Trade Categories,Insurance,107607,47.0658897655357,5064620,60775440,10,2023,2033,,,
,JARDINE MATHESON & CO LIMITED,JARDINEMATHESON,DEH,25/F,Mainland China,N,Office,Trade Categories,Holdings,27255,57,1553535,18642420,3,2021,2024,,,
,EXTRAWELL,EXTRAWELL,DEH,22/F,Hong Kong,N,Office,Trade Categories,Biotech/Pharmaceutical/Healthcare Products,3238,69,223422,2681064,7,2021,2028,,,
,GALDERMA HONG KONG LIMITED,GALDERMAHONGKONG,DEH,,Mainland China,N,Office,Healthcare,Dental Clinic,5099,48,244752,2937024,7,2020,2027,,,
,BERLUTI HONG KONG COMPANY LIMITED,BERLUTIHONGKONG,DEH,,Hong Kong,N,Office,Trade Categories,Fashion/Retail,4182,55,230010,2760120,3,2020,2023,,,
,BURBERRY ASIA LIMITED,BURBERRYASIA,DEH,,Mainland China,N,Office,Trade Categories,Fashion/Retail,14898,44,655512,7866144,5,2025,2030,,,
,BERKSHIRE HATHAWAY SPECIALTY INSURANCE,BERKSHIREHATHAWAYSPECIALTYINSURANCE,DEH,21/F,Hong Kong,N,Office,Trade Categories,Insurance,7771,57,442947,5315364,5,2022,2027,,,
,EC Healthcare,ECHEALTHCARE,DEH,20/F,Mainland China,Y,Retail,Healthcare,Medical Clinic,27417,55,1507935,18095220,5,2019,2024,,,
,MOET HENNESSY DIAGEO HONG KONG LIMITED,MOETHENNESSYDIAGEOHONGKONG,DEH,,Hong Kong,N,Office,Trade Categories,Manufacturing,12681,50,634050,7608600,3,2019,2022,,,
,GO24 Fitness,GO24FITNESS,DEH,17/F,Hong Kong,Y,Retail,Fitness,Gym,11079,44,487476,5849712,3,2021,2024,,2024-01:1200;2024-02:1180;2024-03:1225;2024-04:1250;2024-05:1300;2024-06:1325;2024-07:1350;2024-08:1375;2024-09:1390;2024-10:1410;2024-11:1430;2024-12:1450,
,DR. STEVEN CHUNG,DRSTEVENCHUNG,DEH,,Hong Kong,Y,Retail,Healthcare,Dental Clinic,1660,49,81340,976080,3,2021,2024,,,
,QUALITY HEALTHCARE MEDICAL CENTRE LIMITED,QUALITYHEALTHCAREMEDICALCENTRE,DEH,,India,Y,Retail,Healthcare,Medical Clinic,1064,70,74480,893760,7,2021,2028,,,
,SPORTS & SPINAL PHYSIOTHERAPY CENTRE LIMITED,SPORTSSPINALPHYSIOTHERAPYCENTRE,DEH,,Australia,Y,Retail,Healthcare,Physiotherapy,2974,62,184388,2212656,7,2023,2030,,,
,GODIVA CHOCOLATIER (ASIA) LIMITED,GODIVACHOCOLATIERASIA,DEH,,Mainland China,N,Office,Trade Categories,Fashion/Retail,6452,62,400024,4800288,7,2023,2030,,,
,THE DAIRY FARM COMPANY LIMITED,THEDAIRYFARM,DEH,8/F,Japan,N,Office,Trade Categories,Holdings,151464,58.60124518037289,8875979,106511748,7,2021,2028,,,
,Tong Chong Kitchen*,TONGCHONGKITCHEN,DEH,2/F,Mainland China,Y,Retail,F&B,Food Hall,17944,55,986920,11843040,7,2025,2032,,,
,LADY M NEW YORK,LADYMNEWYORK,DEH,1/F,Hong Kong,Y,Retail,F&B,Bakery,355,51,18105,217260,7,2021,2028,,,
,OMUSUBI*,OMUSUBI,DEH,,Hong Kong,Y,Retail,F&B,Grab and Go,581,41,23821,285852,10,2019,2029,,,
,Pret A Manger*,PRETAMANGER,DEH,,Japan,Y,Retail,F&B,Café,2567,66,169422,2033064,5,2019,2024,2024-01:280000;2024-02:260000;2024-03:300000;2024-04:310000;2024-05:325000;2024-06:340000,,2024-06-01:520;2024-06-02:480;2024-06-03:610;2024-06-04:630;2024-06-05:640;2024-06-06:650;2024-06-07:900;2024-06-08:950;2024-06-09:870;2024-06-10:620;2024-06-11:610;2024-06-12:615;2024-06-13:640;2024-06-14:880;2024-06-15:930
,HANG SENG BANK LTD,HANGSENGBANK,DEH,,Hong Kong,Y,Retail,Retail and Convenience,Banking,95,55,5225,62700,10,2022,2032,,,
,NAIL JOLLY,NAILJOLLY,DEH,G/F,Japan,Y,Retail,Retail and Convenience,Beauty,517,43,22231,266772,10,2021,2031,,,
,KARUI BENTO LIMITED,KARUIBENTO,DEH,,Hong Kong,Y,Retail,F&B,Grab and Go,260,57,14820,177840,3,2019,2022,,,
,TIFFANY & CO. OF NEW YORK LIMITED,TIFFANYOFNEWYORK,DOH,39/F,UK,N,Office,Trade Categories,Fashion/Retail,14334,63,903042,10836504,10,2025,2035,,,
,CHINA ROAD AND BRIDGE CORPORATION,CHINAROADANDBRIDGECORPORATION,DOH,38/F,Singapore,N,Office,Trade Categories,Real Estate and Construction,29016,55,1595880,19150560,5,2024,2029,,,
,LORO PIANA (HK) LTD,LOROPIANAHK,DOH,37/F,USA,N,Office,Trade Categories,Fashion/Retail,6231,56,348936,4187232,3,2020,2023,,,
,CJ ENM HONG KONG LIMITED,CJENMHONGKONG,DOH,,Mainland China,N,Office,Trade Categories,Media,2911,48,139728,1676736,10,2024,2034,,,
,BASELL ASIA PACIFIC LIMITED,BASELLASIAPACIFIC,DOH,,Japan,N,Office,Trade Categories,Manufacturing,20308,69,1401252,16815024,10,2025,2035,,,
,McDonald's Restaurant,MCDONALDSRESTAURANT,DOH,36/F,USA,N,Office,Trade Categories,Fashion/Retail,29450,69,2032050,24384600,10,2024,2034,,,
,Parfums Christian Dior Hong Kong Limited,PARFUMSCHRISTIANDIORHONGKONG,DOH,34/F,Hong Kong,N,Office,Trade Categories,Fashion/Retail,21776,59.985671970792865,1306218,15674616,7,2022,2029,,,
,Parfums Christian Dior Hong Kong Limited,PARFUMSCHRISTIANDIORHONGKONG,DOH,23/F,USA,N,Office,Trade Categories,Fashion/Retail,21775,59.985671970792865,1306218,15674616,10,2025,2035,,,
,SWIRE COCA-COLA,SWIRECOCACOLA,DOH,33/F,Mainland China,N,Office,Trade Categories,Manufacturing,14725,67,986575,11838900,5,2020,2025,,,
,GRAVITAS RECRUITMENT GROUP (HONG KONG),GRAVITASRECRUITMENTGROUPHONGKONG,DOH,,Mainland China,N,Office,Trade Categories,Professional and Business Services,6441,49,315609,3787308,7,2021,2028,,,
,CHUNG SHEK ENTERPRISES COMPANY LIMITED,CHUNGSHEKENTERPRISES,DOH,,Hong Kong,N,Office,Trade Categories,Sourcing and Trading,2081,43,89483,1073796,7,2025,2032,,,
,Baroque HK Limited,BAROQUEHK,DOH,,USA,N,Office,F&B,Bar,4186,55,230230,2762760,3,2023,2026,,,
,JSSHK,JSSHK,DOH,30/F,Mainland China,N,Office,Trade Categories,Professional and Business Services,14425,48,692400,8308800,5,2025,2030,,,
,RGA REINSURANCE COMPANY,RGAREINSURANCE,DOH,29/F,Mainland China,N,Office,Trade Categories,Insurance,28848,61,1759728,21116736,7,2019,2026,,,
,WONG & OUYANG (HK) LTD,WONGOUYANGHK,DOH,27/F,Germany,N,Office,Trade Categories,Real Estate and Construction,14413,62,893606,10723272,7,2024,2031,,,
,MARS COMPANY HONG KONG LIMITED,MARSHONGKONG,DOH,26/F,Mainland China,N,Office,Trade Categories,Manufacturing,8119,50,405950,4871400,3,2021,2024,,,
,BOSTON SCIENTIFIC,BOSTONSCIENTIFIC,DOH,,Hong Kong,N,Office,Trade Categories,Biotech/Pharmaceutical/Healthcare Products,6294,53,333582,4002984,7,2024,2031,,,
,BRYAN CAVE LEIGHTON PAISNER LLP,BRYANCAVELEIGHTONPAISNERLLP,DOH,25/F,Hong Kong,N,Office,Trade Categories,Legal Services,14413,50,720650,8647800,10,2022,2032,,,
,VODAFONE ENTERPRISE HONG KONG LIMITED,VODAFONEENTERPRISEHONGKONG,DOH,24/F,Hong Kong,N,Office,Trade Categories,Technology Media and Telecoms (TMT),5922,62,367164,4405968,7,2024,2031,,,
,XL INSURANCE COMPANY SE,XLINSURANCESE,DOH,,Mainland China,N,Office,Trade Categories,Insurance,8491,55.789424096101754,473708,5684496,7,2025,2032,,,
,BLUEBELL (ASIA) LIMITED,BLUEBELLASIA,DOH,21/F,Hong Kong,N,Office,Trade Categories,Fashion/Retail,14413,45,648585,7783020,3,2024,2027,,,
,QANTAS AIRWAYS LIMITED,QANTASAIRWAYS,DOH,,Hong Kong,N,Office,Trade Categories,Logistics (Airlines/Shipping/Transportation/Couriers),3257,58,188906,2266872,7,2024,2031,,,
,JONES LANG LASALLE MANAGEMENT SERVICES LIMITED,JONESLANGLASALLEMANAGEMENTSERVICES,DOH,17/F,Hong Kong,N,Office,Trade Categories,Real Estate and Construction,22797,45,1025865,12310380,3,2020,2023,,,
,LVMH ASIA PACIFIC LIMITED,LVMHASIAPACIFIC,DOH,15/F,USA,N,Office,Trade Categories,Fashion/Retail,14472,66,955152,11461824,7,2024,2031,,,
,ELEVATE HONG KONG HOLDINGS LIMITED,ELEVATEHONGKONGHOLDINGS,DOH,14/F,Hong Kong,N,Office,Trade Categories,Holdings,5066,41,207706,2492472,7,2020,2027,,,
,RDM,RDM,DOH,,UK,N,Office,Trade Categories,Professional and Business Services,2622,69,180918,2171016,7,2022,2029,,,
,JOINT DYNAMICS,JOINTDYNAMICS,DOH,,Mainland China,N,Retail,Trade Categories,Professional and Business Services,5268,70,368760,4425120,5,2025,2030,,,
,KORE-HK LIMITED,KOREHK,DOH,,Hong Kong,N,Office,Trade Categories,Professional and Business Services,3525,65,229125,2749500,3,2024,2027,,,
,INTERLUX COMPANY LIMITED,INTERLUX,DOH,11/F,Mainland China,N,Office,Trade Categories,Sourcing and Trading,28292,60,1697520,20370240,3,2024,2027,,,
,MARINE CONTRACTING SERVICES LIMITED,MARINECONTRACTINGSERVICES,DOH,9/F,Japan,N,Office,Trade Categories,Logistics (Airlines/Shipping/Transportation/Couriers),14146,40,565840,6790080,7,2024,2031,,,
,FENDI HONG KONG LIMITED,FENDIHONGKONG,DOH,8/F,India,N,Office,Trade Categories,Fashion/Retail,6402,48,307296,3687552,10,2021,2031,,,
,ISS FACILITY SERVICES LIMITED,ISSFACILITYSERVICES,DOH,6/F,Singapore,N,Office,Trade Categories,Professional and Business Services,26818,59,1582262,18987144,7,2025,2032,,,
,The Refinery,THEREFINERY,DOH,4/F,Singapore,Y,Retail,Third Space,Member's Club,11503,49,563647,6763764,10,2021,2031,,2024-01:220;2024-02:215;2024-03:225;2024-04:230;2024-05:240;2024-06:245;2024-07:255;2024-08:260;2024-09:265;2024-10:270;2024-11:275;2024-12:280,
,BluePrint,BLUEPRINT,DOH,3/F,Mainland China,Y,Office,Third Space,Co-working spaces,27569,52,1433588,17203056,3,2022,2025,,2024-01:220;2024-02:215;2024-03:225;2024-04:230;2024-05:240;2024-06:245;2024-07:255;2024-08:260;2024-09:265;2024-10:270;2024-11:275;2024-12:280,
,SaladStop,SALADSTOP,DOH,1/F,USA,Y,Retail,F&B,Grab and Go,340,60,20400,244800,5,2024,2029,2024-01:280000;2024-02:260000;2024-03:300000;2024-04:310000;2024-05:325000;2024-06:340000,,2024-06-01:520;2024-06-02:480;2024-06-03:610;2024-06-04:630;2024-06-05:640;2024-06-06:650;2024-06-07:900;2024-06-08:950;2024-06-09:870;2024-06-10:620;2024-06-11:610;2024-06-12:615;2024-06-13:640;2024-06-14:880;2024-06-15:930
,Alfred24,ALFRED24,DOH,,UK,Y,Retail,Retail and Convenience,Smart Locker,27,68,1836,22032,7,2022,2029,,,
,MAISON KAYSER,MAISONKAYSER,DOH,,Mainland China,N,Retail,F&B,Café,398,63,25074,300888,5,2020,2025,,,
,LIQUID GOLD CORPORATION LIMITED,LIQUIDGOLDCORPORATION,DOH,,Hong Kong,N,Office,Trade Categories,Sourcing and Trading,260,54,14040,168480,3,2024,2027,,,
,HEYBO*,HEYBO,DOH,G/F,Hong Kong,N,Retail,Trade Categories,Fashion/Retail,367,45,16515,198180,7,2025,2032,,,
,YUNG'S BISTRO*,YUNGSBISTRO,DOH,,UK,N,Retail,Trade Categories,Fashion/Retail,3207,58,186006,2232072,3,2022,2025,,,
,LENOVO GROUP (CHINA) LIMITED,LENOVOGROUPCHINA,LIH,23/F,Hong Kong,N,Office,Trade Categories,Technology Media and Telecoms (TMT),21524,61,1312964,15755568,10,2023,2033,,,
,BNP,BNP,LIH,21/F,USA,N,Office,Trade Categories,Banking and Financial Services,61750,61.45221052631579,3794674,45536088,7,2019,2026,,,
,BNP,BNP,LIH,10/F,Hong Kong,N,Office,Trade Categories,Banking and Financial Services,61750,61.45221052631579,3794674,45536088,10,2019,2029,,,
,CITIC TELECOM INTERNATIONAL CPC LIMITED,CITICTELECOMINTERNATIONALCPC,LIH,20/F,USA,N,Office,Trade Categories,Technology Media and Telecoms (TMT),14276,51,728076,8736912,3,2019,2022,,,
,GUCCI GROUP (HONG KONG) LIMITED,GUCCIGROUPHONGKONG,LIH,16/F,Mainland China,N,Office,Trade Categories,Fashion/Retail,14269,42,599298,7191576,3,2019,2022,,,
,GROBEST,GROBEST,LIH,13/F,Mainland China,N,Office,Trade Categories,Manufacturing,2721,52,141492,1697904,10,2020,2030,,,
,MM HK RETAIL LIMITED,MMHKRETAIL,LIH,,Japan,N,Office,Retail and Convenience,Fashion (Shopping),11276,59,665284,7983408,10,2025,2035,,,
,HENG AN STANDARD LIFE,HENGANSTANDARDLIFE,LIH,12/F,Hong Kong,N,Office,Trade Categories,Insurance,13962,63,879606,10555272,3,2021,2024,,,
,COLT TECHNOLOGY SERVICES LIMITED,COLTTECHNOLOGYSERVICES,LIH,9/F,USA,N,Office,Trade Categories,Technology Media and Telecoms (TMT),2336,64,149504,1794048,10,2020,2030,,,
,INCE & CO.,INCE,LIH,5/F,Hong Kong,N,Office,Trade Categories,Legal Services,13962,46,642252,7707024,7,2019,2026,,,
,PURE YOGA (QUARRY BAY) LIMITED,PUREYOGAQUARRYBAY,LIH,4/F,Hong Kong,Y,Office,Fitness,Yoga Studio,13962,60,837720,10052640,5,2022,2027,,2024-01:1200;2024-02:1180;2024-03:1225;2024-04:1250;2024-05:1300;2024-06:1325;2024-07:1350;2024-08:1375;2024-09:1390;2024-10:1410;2024-11:1430;2024-12:1450,
,AUSTRALIA AND NEW ZEALAND BANKING GROUP LTD,AUSTRALIAANDNEWZEALANDBANKINGGROUP,LIH,3/F,Mainland China,Y,Office,Trade Categories,Banking and Financial Services,4989,57,284373,3412476,5,2022,2027,,,
,Chubb,CHUBB,LIH,,Singapore,N,Office,Trade Categories,Insurance,8973,62,556326,6675912,5,2022,2027,,,
,KF Studio Limited,KFSTUDIO,LIH,1/F,Hong Kong,N,Retail,Fitness,Movement Studio,245,66,16170,194040,7,2023,2030,,,
,ONE WITH NATURE LIMITED,ONEWITHNATURE,LIH,,Mainland China,N,Office,Trade Categories,Professional and Business Services,391,51,19941,239292,3,2023,2026,,,
,PASTA & BASTA OC LIMITED (PICI),PASTABASTAOCPICI,LIH,G/F,Hong Kong,N,Office,Trade Categories,Fashion/Retail,1808,52,94016,1128192,5,2019,2024,,,
,MOX,MOX,OXH,40/F,Mainland China,N,Office,Trade Categories,Banking and Financial Services,20734,45,933030,11196360,5,2022,2027,,,
,THE WALT DISNEY COMPANY (HONG KONG) LIMITED,THEWALTDISNEYHONGKONG,OXH,38/F,Hong Kong,N,Office,Trade Categories,Media,10367,48,497616,5971392,7,2025,2032,,,
,KENNEDYS,KENNEDYS,OXH,37/F,Mainland China,N,Office,Trade Categories,Legal Services,11314,55,622270,7467240,3,2019,2022,,,
,FTI,FTI,OXH,36/F,Hong Kong,N,Office,Trade Categories,Professional and Business Services,18050,58,1046900,12562800,10,2020,2030,,,
,SWIRE COCA-COLA,SWIRECOCACOLA,OXH,,Hong Kong,N,Office,Trade Categories,Manufacturing,4578,48,219744,2636928,5,2025,2030,,,
,AIRWALLEX,AIRWALLEX,OXH,34/F,Hong Kong,N,Office,Trade Categories,Banking and Financial Services,11314,54,610956,7331472,7,2024,2031,,,
,QBE HK & SHANGHAI INSURANCE,QBEHKSHANGHAIINSURANCE,OXH,33/F,Hong Kong,N,Office,Trade Categories,Insurance,22617,58,1311786,15741432,3,2020,2023,,,
,CRESTRON,CRESTRON,OXH,,Australia,N,Office,Trade Categories,Technology Media and Telecoms (TMT),6594,48,316512,3798144,3,2025,2028,,,
,ASSOCIATION OF CHARTERED CERTIFIED ACCOUNTANTS,ASSOCIATIONOFCHARTEREDCERTIFIEDACCOUNTANTS,OXH,30/F,Hong Kong,N,Office,Trade Categories,Professional and Business Services,5026,52,261352,3136224,10,2024,2034,,,
,GOP,GOP,OXH,,Singapore,N,Office,Trade Categories,Professional and Business Services,1728,42,72576,870912,10,2020,2030,,,
,ASPEN,ASPEN,OXH,,Hong Kong,N,Office,Trade Categories,Biotech/Pharmaceutical/Healthcare Products,4560,49,223440,2681280,10,2024,2034,,,
,CTBAT,CTBAT,OXH,29/F,Hong Kong,N,Office,Trade Categories,Manufacturing,11314,67,758038,9096456,3,2019,2022,,,
,Livi,LIVI,OXH,28/F,Australia,N,Office,Trade Categories,Banking and Financial Services,22628,41,927748,11132976,7,2024,2031,,,
,SINOENERGY,SINOENERGY,OXH,27/F,UK,N,Office,Trade Categories,Manufacturing,2425,51,123675,1484100,3,2025,2028,,,
,VANTIVE HEALTHCARE LIMITED,VANTIVEHEALTHCARE,OXH,,Mainland China,N,Office,Trade Categories,Biotech/Pharmaceutical/Healthcare Products,6283,62,389546,4674552,7,2022,2029,,,
,BULGARI ASIA PACIFIC LIMITED,BULGARIASIAPACIFIC,OXH,25/F,Hong Kong,N,Office,Trade Categories,Fashion/Retail,11314,42,475188,5702256,7,2022,2029,,,
,LVMH WATCH & JEWELLERY HONG KONG LIMITED,LVMHWATCHJEWELLERYHONGKONG,OXH,24/F,Hong Kong,N,Office,Trade Categories,Fashion/Retail,11314,52,588328,7059936,3,2020,2023,,,
,NIKOYO (HK) LIMITED,NIKOYOHK,OXH,23/F,UK,N,Office,Trade Categories,Professional and Business Services,11314,70,791980,9503760,3,2025,2028,,,
,WORMS SAFETY,WORMSSAFETY,OXH,,Mainland China,N,Office,Trade Categories,Manufacturing,5457,55,300135,3601620,3,2022,2025,,,
,SEVENTH-DAY ADVENTIST CORPORATION (HK) LIMITED,SEVENTHDAYADVENTISTCORPORATIONHK,OXH,19/F,Mainland China,N,Office,Trade Categories,Biotech/Pharmaceutical/Healthcare Products,11292,64,722688,8672256,7,2022,2029,,,
,DELL HONG KONG LIMITED,DELLHONGKONG,OXH,18/F,Hong Kong,N,Office,Trade Categories,Technology Media and Telecoms (TMT),11292,41,462972,5555664,5,2022,2027,,,
,The Dairy Farm Company Limited,THEDAIRYFARM,OXH,17/F,Mainland China,N,Office,Trade Categories,Fashion/Retail,7983,60,478980,5747760,3,2019,2022,,,
,PRIORITY PASS (A.P.) LIMITED,PRIORITYPASSAP,OXH,,Hong Kong,N,Office,Trade Categories,Hotels/Travel Agency,7153,41,293273,3519276,3,2025,2028,,,
,AMWAY HONG KONG LIMITED,AMWAYHONGKONG,OXH,15/F,Hong Kong,N,Office,Trade Categories,Fashion/Retail,10743,66,709038,8508456,3,2022,2025,,,
,BAYER,BAYER,OXH,14/F,USA,N,Office,Trade Categories,Biotech/Pharmaceutical/Healthcare Products,10916,61,665876,7990512,7,2022,2029,,,
,NCR,NCR,OXH,13/F,UK,N,Office,Trade Categories,Technology Media and Telecoms (TMT),10916,64,698624,8383488,10,2022,2032,,,
,RELX*,RELX,OXH,11/F,Hong Kong,N,Office,Trade Categories,Media,10916,52,567632,6811584,7,2024,2031,,,
,BRYAN CAVE LEIGHTON PAISNER LLP,BRYANCAVELEIGHTONPAISNERLLP,OXH,10/F,Hong Kong,N,Office,Trade Categories,Legal Services,8054,60,483240,5798880,5,2020,2025,,,
,EY,EY,OXH,9/F,Hong Kong,N,Office,Trade Categories,Professional and Business Services,43664,68,2969152,35629824,5,2021,2026,,,
,ONTHELIST,ONTHELIST,OXH,4/F,Hong Kong,N,Retail,Trade Categories,Fashion/Retail,10916,68,742288,8907456,5,2025,2030,,,
,QUALITY HEALTHCARE MEDICAL CENTRE LIMITED,QUALITYHEALTHCAREMEDICALCENTRE,OXH,3/F,USA,Y,Office,Healthcare,Medical Clinic,3048,61,185928,2231136,7,2024,2031,,,
,CHECK POINT SOFTWARE TECHNOLOGIES (HONG KONG) LIMITED,CHECKPOINTSOFTWARETECHNOLOGIESHONGKONG,OXH,,Hong Kong,N,Office,Trade Categories,Technology Media and Telecoms (TMT),5198,42,218316,2619792,3,2020,2023,,,
,The Sixteenth*,THESIXTEENTH,OXH,2/F,USA,Y,Retail,F&B,Restaurant,11023,48,529104,6349248,5,2024,2029,2024-01:280000;2024-02:260000;2024-03:300000;2024-04:310000;2024-05:325000;2024-06:340000,,2024-06-01:520;2024-06-02:480;2024-06-03:610;2024-06-04:630;2024-06-05:640;2024-06-06:650;2024-06-07:900;2024-06-08:950;2024-06-09:870;2024-06-10:620;2024-06-11:610;2024-06-12:615;2024-06-13:640;2024-06-14:880;2024-06-15:930
,Little Cove Espresso,LITTLECOVEESPRESSO,OXH,1/F,Hong Kong,Y,Retail,F&B,Café,500,58,29000,348000,7,2023,2030,,,
,FRITES TAIKOO PLACE LTD.,FRITESTAIKOOPLACE,OXH,G/F,Hong Kong,N,Office,Trade Categories,Fashion/Retail,2067,50,103350,1240200,5,2024,2029,,,
,HKT,HKT,PCT,42/F,Mainland China,N,Office,Trade Categories,Technology Media and Telecoms (TMT),244763,54,13217202,158606424,5,2021,2026,,,
,IPG,IPG,PCT,38/F,Mainland China,N,Office,Trade Categories,Marketing,20419,65,1327235,15926820,10,2022,2032,,,
,JOBSDB,JOBSDB,PCT,37/F,Hong Kong,N,Office,Trade Categories,Technology Media and Telecoms (TMT),14728,68,1001504,12018048,10,2019,2029,,,
,TEC,TEC,PCT,36/F,Mainland China,N,Office,Trade Categories,Technology Media and Telecoms (TMT),14728,53.5,787948,9455376,5,2020,2025,,,
,TEC,TEC,PCT,35/F,Singapore,N,Office,Trade Categories,Technology Media and Telecoms (TMT),14728,53.5,787948,9455376,7,2020,2027,,,
,TRITON,TRITON,PCT,32/F,Japan,N,Office,Trade Categories,Professional and Business Services,3975,45,178875,2146500,10,2023,2033,,,
,Grow Asset Management,GROWASSETMANAGEMENT,PCT,31/F,Hong Kong,N,Office,Trade Categories,Banking and Financial Services,3068,66,202488,2429856,5,2024,2029,,,
,CANALI FAR EAST LIMITED,CANALIFAREAST,PCT,,Mainland China,N,Office,Trade Categories,Fashion/Retail,3126,66,206316,2475792,5,2021,2026,,,
,BNP PARIBAS,BNPPARIBAS,PCT,,Hong Kong,N,Office,Trade Categories,Banking and Financial Services,76114,51,3881814,46581768,5,2025,2030,,,
,HONG KONG EXCHANGES AND CLEARING LIMITED,HONGKONGEXCHANGESANDCLEARING,PCT,24/F,Hong Kong,N,Office,Trade Categories,Banking and Financial Services,14441,55,794255,9531060,7,2020,2027,,,
,IBM CHINA/HONG KONG LIMITED,IBMCHINAHONGKONG,PCT,11/F,Hong Kong,N,Office,Trade Categories,Technology Media and Telecoms (TMT),42675,53,2261775,27141300,5,2020,2025,,,
,PURE FITNESS,PUREFITNESS,PCT,5/F,Germany,Y,Office,Fitness,Gym,21631,50,1081550,12978600,3,2023,2026,,2024-01:1200;2024-02:1180;2024-03:1225;2024-04:1250;2024-05:1300;2024-06:1325;2024-07:1350;2024-08:1375;2024-09:1390;2024-10:1410;2024-11:1430;2024-12:1450,
,Fineprint,FINEPRINT,PCT,G/F,Mainland China,Y,Retail,F&B,Café,1071,65,69615,835380,3,2025,2028,2024-01:280000;2024-02:260000;2024-03:300000;2024-04:310000;2024-05:325000;2024-06:340000,,2024-06-01:520;2024-06-02:480;2024-06-03:610;2024-06-04:630;2024-06-05:640;2024-06-06:650;2024-06-07:900;2024-06-08:950;2024-06-09:870;2024-06-10:620;2024-06-11:610;2024-06-12:615;2024-06-13:640;2024-06-14:880;2024-06-15:930
,Ask for Alonzo,ASKFORALONZO,PCT,,Hong Kong,Y,Retail,F&B,Restaurant,1223,50,61150,733800,10,2019,2029,2024-01:280000;2024-02:260000;2024-03:300000;2024-04:310000;2024-05:325000;2024-06:340000,,2024-06-01:520;2024-06-02:480;2024-06-03:610;2024-06-04:630;2024-06-05:640;2024-06-06:650;2024-06-07:900;2024-06-08:950;2024-06-09:870;2024-06-10:620;2024-06-11:610;2024-06-12:615;2024-06-13:640;2024-06-14:880;2024-06-15:930
,Sage & Salt,SAGESALT,PCT,,Hong Kong,Y,Retail,F&B,Restaurant,1532,47,72004,864048,7,2024,2031,,,
,Maya Bakery & Bar,MAYABAKERYBAR,PCT,,Mainland China,Y,Retail,F&B,Bakery|Bar,463,41,18983,227796,5,2024,2029,,,
,SWIRE PROPERTIES LIMITED,SWIRE PROPERTIES,OIE,65/F,Hong Kong,N,Office,Trade Categories,Real Estate and Construction,42732,43,1837476,22049712,5,2022,2027,,,
,PRUDENTIAL,PRUDENTIAL,OIE,59/F,Hong Kong,N,Office,Trade Categories,Insurance,43324,43,1862932,22355184,10,2025,2035,,,
,TRANSAMERICA LIFE (BERMUDA) LTD.,TRANSAMERICALIFEBERMUDA,OIE,58/F,Mainland China,N,Office,Trade Categories,Insurance,17360,68,1180480,14165760,3,2022,2025,,,
,HUACHIN MINING LIMITED,HUACHINMINING,OIE,57/F,South Korea,N,Office,Trade Categories,Manufacturing,16990,62.970276633313716,1069865,12838380,7,2022,2029,,,
,SQUAREPOINT,SQUAREPOINT,OIE,,Singapore,N,Office,Trade Categories,Banking and Financial Services,11317,50.23725368914023,568535,6822420,3,2025,2028,,,
,FRESHFIELDS SERVICES LIMITED,FRESHFIELDSSERVICES,OIE,56/F,Japan,N,Office,Trade Categories,Legal Services,43196,59,2548564,30582768,7,2019,2026,,,
,SK HYNIX,SKHYNIX,OIE,,Mainland China,N,Office,Trade Categories,Technology Media and Telecoms (TMT),5923,55,325765,3909180,3,2021,2024,,,
,COVESTRO (HONG KONG) LIMITED,COVESTROHONGKONG,OIE,43/F,Singapore,N,Office,Trade Categories,Manufacturing,21549,43,926607,11119284,5,2024,2029,,,
,CAPGEMINI HONG KONG LIMITED,CAPGEMINIHONGKONG,OIE,,Mainland China,N,Office,Trade Categories,Technology Media and Telecoms (TMT),6203,46,285338,3424056,5,2021,2026,,,
,H&H,HH,OIE,40/F,USA,N,Office,Trade Categories,Manufacturing,5365,63,337995,4055940,5,2021,2026,,,
,ALLIANCEBERNSTEIN HONG KONG LIMITED,ALLIANCEBERNSTEINHONGKONG,OIE,,Singapore,N,Office,Trade Categories,Banking and Financial Services,36238,56,2029328,24351936,10,2020,2030,,,
,AON,AON,OIE,34/F,India,N,Office,Trade Categories,Insurance,42549,63,2680587,32167044,5,2021,2026,,,
,S.W.I.F.T SC,SWIFTSC,OIE,,Germany,N,Office,Trade Categories,Banking and Financial Services,7853,53,416209,4994508,7,2022,2029,,,
,SQUIRE PATTON BOGGS*,SQUIREPATTONBOGGS,OIE,,USA,N,Office,Trade Categories,Legal Services,7618,62,472316,5667792,10,2022,2032,,,
,AEDAS LIMITED,AEDAS,OIE,30/F,Hong Kong,N,Office,Trade Categories,Real Estate and Construction,42646,55,2345530,28146360,7,2021,2028,,,
,CUSHMAN & WAKEFIELD LIMITED,CUSHMANWAKEFIELD,OIE,27/F,UK,N,Office,Trade Categories,Real Estate and Construction,21323,68,1449964,17399568,5,2020,2025,,,
,ZURICH SERVICES (HONG KONG) LIMITED,ZURICHSERVICESHONGKONG,OIE,26/F,France,N,Office,Trade Categories,Insurance,42582,60,2554920,30659040,7,2024,2031,,,
,VIATRIS HEALTHCARE HONG KONG LIMITED,VIATRISHEALTHCAREHONGKONG,OIE,,Hong Kong,N,Office,Trade Categories,Biotech/Pharmaceutical/Healthcare Products,12688,58,735904,8830848,10,2022,2032,,,
,THE EXECUTIVE CENTRE HONG KONG LIMITED,THEEXECUTIVECENTREHONGKONG,OIE,23/F,USA,Y,Retail,Third Space,Co-working spaces,21259,56,1190504,14286048,5,2019,2024,,2024-01:220;2024-02:215;2024-03:225;2024-04:230;2024-05:240;2024-06:245;2024-07:255;2024-08:260;2024-09:265;2024-10:270;2024-11:275;2024-12:280,
,ALLIED WORLD ASSURANCE COMPANY,ALLIEDWORLDASSURANCE,OIE,,UK,N,Office,Trade Categories,Insurance,15195,58,881310,10575720,7,2024,2031,,,
,SWIRE PROPERTIES MANAGEMENT LIMITED,SWIRE PROPERTIES,OIE,19/F,Hong Kong,N,Office,Trade Categories,Real Estate and Construction,1178,55.78174097664544,65683,788196,5,2024,2029,,,
,SWIRE PROPERTIES MANAGEMENT LIMITED,SWIRE PROPERTIES,OIE,18/F,Hong Kong,N,Office,Trade Categories,Real Estate and Construction,1177,55.78174097664544,65683,788196,7,2023,2030,,,
,REED SMITH,REEDSMITH,OIE,17/F,Mainland China,N,Office,Trade Categories,Legal Services,20634,47,969798,11637576,3,2025,2028,,,
,DBS BANK (HONG KONG) LIMITED,DBSBANKHONGKONG,OIE,16/F,Hong Kong,Y,Office,Trade Categories,Banking and Financial Services,163473,63,10298799,123585588,3,2019,2022,,,
,MOHG,MOHG,OIE,8/F,Mainland China,N,Office,Trade Categories,Hotels/Travel Agency,20268,56,1135008,13620096,5,2022,2027,,,
,AIG INSURANCE HONG KONG LIMITED,AIGINSURANCEHONGKONG,OIE,7/F,UK,N,Office,Trade Categories,Insurance,40451,50,2022550,24270600,7,2020,2027,,,
,CITIC SECURITIES,CITICSECURITIES,OIE,5/F,USA,N,Office,Trade Categories,Banking and Financial Services,20139,68,1369452,16433424,10,2022,2032,,,
,AMGEN*,AMGEN,OIE,,South Korea,N,Office,Trade Categories,Biotech/Pharmaceutical/Healthcare Products,6537,61,398757,4785084,3,2020,2023,,,
,ACCENTURE COMPANY LIMITED,ACCENTURE,OIE,2/F,Hong Kong,N,Office,Trade Categories,Professional and Business Services,19773,67,1324791,15897492,7,2023,2030,,,
,LITTLE COVE*,LITTLECOVE,OIE,G/F,USA,Y,Retail,F&B,Café,384,46,17664,211968,3,2024,2027,,,
,FACEBOOK HONG KONG LIMITED,FACEBOOKHONGKONG,1TP,47/F,Mainland China,N,Office,Trade Categories,Technology Media and Telecoms (TMT),87325,51,4453575,53442900,7,2023,2030,,,
,Stephenson Harwood,STEPHENSONHARWOOD,1TP,43/F,Hong Kong,N,Office,Trade Categories,Legal Services,21853,44,961532,11538384,3,2020,2023,,,
,ROYAL BANK OF CANADA,ROYALBANKOFCANADA,1TP,42/F,Japan,Y,Office,Trade Categories,Banking and Financial Services,43706,51,2229006,26748072,3,2025,2028,,,
,VEOLIA,VEOLIA,1TP,40/F,Hong Kong,N,Office,Trade Categories,Professional and Business Services,21853,44,961532,11538384,5,2020,2025,,,
,Chubb,CHUBB,1TP,39/F,UK,N,Office,Trade Categories,Insurance,21853,52,1136356,13636272,5,2022,2027,,,
,FACTORY MUTUAL INSURANCE COMPANY,FACTORYMUTUALINSURANCE,1TP,,Hong Kong,N,Office,Trade Categories,Insurance,4987,64,319168,3830016,5,2022,2027,,,
,EVERSHEDS,EVERSHEDS,1TP,37/F,Hong Kong,N,Office,Trade Categories,Legal Services,21853,42,917826,11013912,5,2023,2028,,,
,AXA INVESTMENT MANAGERS ASIA LIMITED,AXAINVESTMENTMANAGERSASIA,1TP,36/F,India,N,Office,Trade Categories,Banking and Financial Services,21853,58,1267474,15209688,7,2023,2030,,,
,RPC,RPC,1TP,35/F,Australia,N,Office,Trade Categories,Legal Services,10719,53,568107,6817284,7,2022,2029,,,
,MMC,MMC,1TP,34/F,India,N,Office,Trade Categories,Insurance,38166,62,2366292,28395504,10,2023,2033,,,
,JT HONG KONG HOLDINGS LIMITED,JTHONGKONGHOLDINGS,1TP,,Mainland China,N,Office,Trade Categories,Manufacturing,3831,66,252846,3034152,7,2024,2031,,,
,EY,EY,1TP,32/F,India,N,Office,Trade Categories,Professional and Business Services,52899,42.27017694207794,2236036,26832432,7,2022,2029,,,
,EY,EY,1TP,27/F,Hong Kong,N,Office,Trade Categories,Professional and Business Services,52899,42.27017694207794,2236036,26832432,5,2022,2027,,,
,EY,EY,1TP,22/F,Mainland China,N,Office,Trade Categories,Professional and Business Services,52898,42.27017694207794,2236036,26832432,10,2023,2033,,,
,SIMMONS & SIMMONS,SIMMONSSIMMONS,1TP,30/F,Hong Kong,N,Office,Trade Categories,Legal Services,41812,55.5,2320566,27846792,3,2023,2026,,,
,KERING,KERING,1TP,29/F,Mainland China,N,Office,Trade Categories,Fashion/Retail,32715,52,1701180,20414160,10,2019,2029,,,
,THE GREAT ROOM,THEGREATROOM,1TP,23/F,Singapore,N,Retail,Trade Categories,Professional and Business Services,20773,44,914012,10968144,7,2023,2030,,2024-01:220;2024-02:215;2024-03:225;2024-04:230;2024-05:240;2024-06:245;2024-07:255;2024-08:260;2024-09:265;2024-10:270;2024-11:275;2024-12:280,
,GUY CARPENTER,GUYCARPENTER,1TP,18/F,Hong Kong,N,Office,Trade Categories,Insurance,9813,69,677097,8125164,10,2022,2032,,,
,Guantao & Chow,GUANTAOCHOW,1TP,,Mainland China,N,Office,Trade Categories,Legal Services,10960,61,668560,8022720,5,2023,2028,,,
,DFS GROUP LIMITED,DFSGROUP,1TP,17/F,Mainland China,N,Office,Trade Categories,Fashion/Retail,60936,69,4204584,50455008,10,2022,2032,,,
,B. & MCK. SERVICES LIMITED,BMCKSERVICES,1TP,14/F,Mainland China,N,Office,Trade Categories,Professional and Business Services,81080,60,4864800,58377600,7,2019,2026,,,
,JSSHK,JSSHK,1TP,10/F,UK,N,Office,Trade Categories,Professional and Business Services,20259,48.50407226417888,982644,11791728,3,2025,2028,,,
,JSSHK,JSSHK,1TP,5/F,Hong Kong,N,Office,Trade Categories,Professional and Business Services,20259,48.50407226417888,982644,11791728,5,2019,2024,,,
,METLIFE,METLIFE,1TP,9/F,Hong Kong,N,Office,Trade Categories,Insurance,20270,57,1155390,13864680,5,2019,2024,,,
,PRADA ASIA PACIFIC LTD,PRADAASIAPACIFIC,1TP,8/F,Hong Kong,N,Office,Trade Categories,Fashion/Retail,20270,48,972960,11675520,7,2022,2029,,,
,JONES LANG LASALLE LIMITED,JONESLANGLASALLE,1TP,7/F,Australia,N,Office,Trade Categories,Real Estate and Construction,40540,45,1824300,21891600,10,2019,2029,,,
,PURE FITNESS,PUREFITNESS,1TP,2/F,Mainland China,Y,Office,Fitness,Gym,10187,47,478789,5745468,5,2024,2029,,2024-01:1200;2024-02:1180;2024-03:1225;2024-04:1250;2024-05:1300;2024-06:1325;2024-07:1350;2024-08:1375;2024-09:1390;2024-10:1410;2024-11:1430;2024-12:1450,
,FUEL ESPRESSO,FUELESPRESSO,1TP,G/F,Hong Kong,Y,Retail,F&B,Café,279,59,16461,197532,7,2020,2027,,,
,BANK JULIUS BAER,BANKJULIUSBAER,2TP,41/F,Hong Kong,Y,Office,Trade Categories,Banking and Financial Services,91833,42,3856986,46283832,5,2023,2028,,,
,BCG,BCG,2TP,37/F,Hong Kong,N,Office,Trade Categories,Professional and Business Services,24189,63,1523907,18286884,5,2022,2027,,,
,BASF,BASF,2TP,36/F,Mainland China,N,Office,Trade Categories,Manufacturing,36663,40,1466520,17598240,3,2025,2028,,,
,APPLEBY,APPLEBY,2TP,35/F,Singapore,N,Office,Trade Categories,Legal Services,7991,55,439505,5274060,10,2021,2031,,,
,LA PRAIRIE HONG KONG LIMITED*,LAPRAIRIEHONGKONG,2TP,33/F,Hong Kong,N,Office,Trade Categories,Fashion/Retail,14142,63,890946,10691352,10,2019,2029,,,
,AMUNDI,AMUNDI,2TP,32/F,Mainland China,N,Office,Trade Categories,Banking and Financial Services,12369,50,618450,7421400,7,2025,2032,,,
,CITIC,CITIC,2TP,31/F,UK,N,Office,Trade Categories,Banking and Financial Services,150671,56,8437576,101250912,5,2022,2027,,,
,NEO DERM,NEODERM,2TP,28/F,Hong Kong,N,Office,Trade Categories,Biotech/Pharmaceutical/Healthcare Products,23556,41,965796,11589552,5,2020,2025,,,
,LV,LV,2TP,27/F,Hong Kong,N,Office,Trade Categories,Fashion/Retail,47169,66,3113154,37357848,10,2025,2035,,,
,PHILIP MORRIS ASIA LIMITED,PHILIPMORRISASIA,2TP,23/F,Hong Kong,N,Office,Trade Categories,Manufacturing,36475,44,1604900,19258800,5,2023,2028,,,
,Deckers,DECKERS,2TP,,USA,N,Office,Trade Categories,Fashion/Retail,9003,57,513171,6158052,7,2019,2026,,,
,ANKURA,ANKURA,2TP,,Hong Kong,N,Office,Trade Categories,Professional and Business Services,3603,43,154929,1859148,10,2021,2031,,,
,AFRC,AFRC,2TP,,Mainland China,N,Office,Trade Categories,Government,34580,53,1832740,21992880,5,2023,2028,,,
,SUMITOMO MITSUI BANKING CORPORATION,SUMITOMOMITSUIBANKINGCORPORATION,2TP,9/F,Mainland China,Y,Office,Trade Categories,Banking and Financial Services,45770,59,2700430,32405160,5,2019,2024,,,
,SPHML,SPHML,2TP,,USA,N,Office,Trade Categories,Professional and Business Services,4099,64,262336,3148032,3,2021,2024,,,
,Domain*,DOMAIN,2TP,1/F,Hong Kong,Y,Retail,F&B,Café,3301,48,158448,1901376,10,2021,2031,,,
,Alchemy Origin,ALCHEMYORIGIN,2TP,G/F,Germany,Y,Retail,F&B,Café,1877,55,103235,1238820,10,2025,2035,,,